Autor,Názov diela,Rok,Prvé knižné vydanie,Ďalšie knižné vydania,Digitálny prístup,Stav spracovania,Digit vstup,Zdroj,,
"ALEXY, Janko",Dom horí,1942,Trnava: SSV,,"UKB-SCAN (corrupted, need to rescan)",3,scan,,,
"ALEXY, Janko",Grétka,1928,Bratislava - Praha: SSŠ - Leopold Mazáč,,UKB-SCAN,2,scan,,,
"ALEXY, Janko",Hurá! (2 zv.),1935,Bratislava: Bibliothéka,,UKB-SCAN,1,scan,,,
"ALEXY, Janko",Jarmilka,1924,Turčiansky Sv. Martin: Matica slovenská,,UKB-SCAN,1,scan,,,
"ALEXY, Janko",Profesor Klopačka,1949,Bratislava: Tatran,,UKB-SCAN,1,scan,,,
"ALEXY, Janko",Na voľnej vôľuške,1932,Turčiansky Sv. Martin: Nová kníhtlačiareň,"1935, Turčiansky Sv. Martin: Matica slovenská",UKB-SCAN,1,scan,,,
"ALEXY, Janko",Už je chlap na nohách,1936,Turčiansky Sv. Martin: KÚS,"1973, Bratislava: Tatran",,1,scan,,,
"ALEXY, Janko",Veľká noc,1930,Myjava: Daniel Pažický,,,,,,,
"ALEXY, Janko",Zlaté dno,1940,Trnava: SSV,,uloz to (scan),3,scan,,,
"ALIQUIS (ČAJAK, Ján)",Rodina Rovesných,1909,Pešťbudín: Budapeštiansky nakladateľský úč. spol. ,"1928, Prešov: Nakladateľstvo slov. profesorov",Zlatý fond,3,txt,,,
"ANTOŠÍK, Jozef",Na brehu života,1943,Bratislava: C. F. Wigand,,,,,,,ž
"ANTOŠÍK, Jozef",Skrížené cesty,1940,Bratislava: C. F. Wigand,,UKB-SCAN,,,,,
"ANTOŠÍK, Jozef",Veľká ilúzia,1942,Bratislava: C. F. Wigand,,,,,,,
"ANTOŠÍK, Jozef",Živé duše,1940,Bratislava: C. F. Wigand,,,,,,,
"BANŠELL, Koloman",Šuhaj ako z iskry,,,,,3,txt,kalligram,,
"BANŠELL, Koloman",Z tých krajších časov,,,,,3,txt,kalligram,,
"BANŠELL, Koloman",Na parolodi a železnici,,,,,3,txt,kalligram,,
"BANŠELL, Koloman",Emancipovaná,,,,,3,txt,kalligram,,
"BARČ-IVAN, Július",Predposledný život,1940,Turčiansky Sv. Martin: Matica slovenská,,,,,,,
"BARČ-IVAN, Július",Železné ruky,1948,Turčiansky Sv. Martin: Matica slovenská,,UKB-SCAN,,,,,
"BARČ-IVAN, Július",Husličky z javora,,,,,1,txt,juls,,
"DRAHOMÍR, P. (BEBLAVÝ, Pavol)",Ztratený pandúr,1885,"Slovenské pohľady, 1885, roč. 5, č. 6, s. 557 - 570",,Digitálna knižnica UKB,3,scan,ukb,,
"Anonymus (BEBLAVÝ, Pavol)",Dva obedy,1885,"Slovenské pohľady, 1885, roč. 5, č. 5, s. 419 - 433",,Digitálna knižnica UKB,3,scan,ukb,,
"Anonymus (BEBLAVÝ, Pavol)",Vykopali ženu,1885,"Slovenské pohľady, 1885, roč. 5, č. 4, s. 287 - 301",,Digitálna knižnica UKB,3,scan,ukb,,
"BAJLA, Ján",Luna 2 neodpovedá...,,,,,1,txt,juls,,
"BEDNÁR, Alfonz",Sklený vrch,1954,Bratislava: Slovenský spisovateľ,"1963, Bratislava: Slovenský spisovateľ; 2008, Bratislava: Kalligram", ,,,,,
"BEDNÁR, Alfonz",Cudzí,,,,,1,txt,juls,,
"BEDNÁR, Alfonz",Grécke zátišie,,,,,1,txt,juls,,
"DUŠNÝ, Ján (BELLA, Ondrej Miloslav)",Hrôza,1885,"Slovenské pohľady, 1885, roč. 5, č. 5, s. 468 - 478",,Digitálna knižnica UKB,3,scan,ukb,,
"BENCÚR, Matej (Martin Kukučín)",Praha v znamení výstavy,,,,,3,txt,kalligram,,
"BENCÚR, Matej (Martin Kukučín)",Neprebudený,,,,,3,txt,kalligram,,
"BENCÚR, Matej (Martin Kukučín)",Zimná sezóna v Prahe,,,,,3,txt,kalligram,,
"BENCÚR, Matej (Martin Kukučín)",Dom v stráni,,,,,3,txt,kalligram,,
"BENCÚR, Matej (Martin Kukučín)",Od trištvrte na osem do ôsmej,,,,,3,txt,kalligram,,
"BENCÚR, Matej (Martin Kukučín)",Rysavá Jalovica,,,,,3,txt,kalligram,,
"BENCÚR, Matej (Martin Kukučín)",Po šiestej hodine,,,,,3,txt,kalligram,,
"BENCÚR, Matej (Martin Kukučín)",Dies irae,1893,Turčiansky Sv. Martin: Kníhkupecko-nakladateľský spolok,,,2,txt,juls,,
"BENCÚR, Matej (Martin Kukučín)",Do školy,,,,,1,txt,juls,,
"BENCÚR, Matej (Martin Kukučín)",Obecné trampoty,,,,,1,txt,juls,,
"BENCÚR, Matej (Martin Kukučín)",Dedinský jarmok,,,,,1,txt,juls,,
"BENCÚR, Matej (Martin Kukučín)",Na jarmok!,,,,,1,txt,juls,,
"BENCÚR, Matej (Martin Kukučín)",Na Ondreja,,,,,1,txt,juls,,
"BENCÚR, Matej (Martin Kukučín)",Pražské črty a zápisky,,,,,1,txt,juls,,
"IGAZ-BISKUPICKÝ, Jožo",Klerici,1931,Moravská Ostrava: Vl. n.,,,,,,,
"BIELEK, Anton [Kalinov]",Osudná návšteva,1885,"Slovenské pohľady, 1885, roč. 5, č. 3, s. 252 - 255",,Digitálna knižnica UKB,3,scan,ukb,,
"BIELEK, Anton [Kalinov]",Poviestka z hôr,1885,"Slovenské pohľady, 1885, roč. 5, č. 2, s. 111 - 143",,Digitálna knižnica UKB + Zlatý fond,3,scan,ukb,,
"BLAHO, Pavel",Poviedky zo života ľudu,1925,Trnava: SSV,,,,,,,
"BLAHO, Pavel",Slabí a mocní,1928,Trnava: SSV,"1933, Trnava: SSV",,,,,,
"BODENEK, Ján",Ivkova biela mať,1938,Turčiansky Sv. Martin: Matica slovenská,,uloz to (scan),1,txt,juls,,
"BODENEK, Ján",Kríž profesora Hunku,1945,Turčiansky Sv. Martin: Matica slovenská,"1946, Turčiansky Sv. Martin: Matica slovenská",uloz to (scan),,,,,
"BODENEK, Ján",Svetlá na bublinách,1942,Turčiansky Sv. Martin: Matica slovenská,,,,,,,
"BODENEK, Ján",Zapálené srdce,1940,Turčiansky Sv. Martin: Matica slovenská,"1943, Turčiansky Sv. Martin: Matica slovenská",,,,,,
"BODENEK, Ján",Z vlčích dní,1947,Turčiansky Sv. Martin: Matica slovenská,,,,,,,
"BODICKÝ, Samuel",Starý mládenec,,,,,3,txt,kalligram,,
"BODICKÝ, Samuel",Otcova kliatba,,,,,3,txt,kalligram,,
"BODICKÝ, Samuel",Nová kométa,,,,,3,txt,kalligram,,
"BOHÚŇ, Emo",Dedičstvo Jánošíkovho pokladu,1928,Trnava: G. A. Bežo,,,,,,,
"BOHÚŇ, Emo",Jánošíkov poklad,1926,Bratislava: Academia,,,,,,,
"BOHÚŇ, Emo",Zlaté mesto,1936,Bratislava: A-Zet,,,,,,,
"BOHÚŇ, Ján",Liptovská tragédia,1940,Bratislava: v. n.,,,,,,,
"BOLFÍK, Julo",Tajomstvo skalného výbežku,,,,,1,txt,juls,,
"BOROVÝ, Ivan",Papierová láska,1923,Bratislava: František Votruba,,,,,,,
"BORSKÝ, Boleslav",Na vlnách života,1926,Košice: Slovenský východ,,,,,,,
"BRANECKÝ, Jozef",Alexander a Alexandra,1948,Trenčin: OOR,,,,,,,
"BRANECKÝ, Jozef",Fráter Johannes,1929,Trnava: SSV,"1936, Bratislava: Slovenská liga",,,,,,
"BRANECKÝ, Jozef",Keď rumy ožijú... (2 zv.),"1931, 1932",Trnava: SSV,,,,,,,
"BRANECKÝ, Jozef",Poklady Matúša Čáka,1935,Bratislava: Slovenská liga,,,,,,,
"BRATISLAVSKÝ, Boleslav",Podivuhodné príbehy,1923,Košice: b. n.,"1928, Košice: Slovenský Východ",,,,,,
"BRATISLAVSKÝ, Boleslav",Slovenské rapsódie,1921,Košice: Štanglerovo kníhkupectvo,,,,,,,
"BRATISLAVSKÝ, Boleslav",Tri chrysanthemy a iná próza,1922,Košice: Slovenská kníhtlač,,,,,,,
"BRATISLAVSKÝ, Boleslav",V borbe s temnotou,1922,Košice: Slovenská kníhtlač,,,,,,,
"BRATISLAVSKÝ, Boleslav",Zúfalé duše,1925,Košice: Štátna kníhtlačiareň,,,,,,,
"BRÁZDA, Andrej",Vzbúrenec,1943,Bratislava: Kníhtlačiareň Andreja,,,,,,,
"BUK, Adam (MÜLLER, Bohumil)",V krútňave revolúcie,1936,B. m. a n.,,,,,,,
"BUK, Adam (MÜLLER, Bohumil)",Ženy so zelenými očami,1926,Košice: Slovenský východ,,,,,,,
"ČAJAK, Ján",Ecce homo a iné dolnozemské rozprávky,1922,Turčiansky Sv. Martin: Svetová knižnica - Miloslav Schmidt,,Zlatý fond,3,txt,zf,,
"ČAJAK, Ján",Pred oltárom,1929,Praha: Leopold Mazáč,,Zlatý fond,3,txt,zf,,
"ČAJAK, Ján",Vohľady,1930,Praha: Leopold Mazáč,,Zlatý fond,3,txt,zf,,
"ČAJAK, Ján",Rodina rovensných,,,,,3,txt,zf,,
"ČAJAK, Ján",Z povinnosti,,,,,3,txt,zf,,
"ČAJAK, Ján",Ujčekov Mikušov posledný deň,,,,,3,txt,zf,,
"ČAJAK, Ján",Únos,,,,,3,txt,zf,,
"ČAJAK, Ján",Vtáčie hniezdo,,,,,3,txt,zf,,
"ČAJAK, Ján",Z povinnosti,1905,"Slovenské pohľady, 1905, roč. 25, č. 2, s. 65 - 80",,columbia.edu + Zlatý fond,3,txt,zf,,
"ČAJAK, Ján",Z povinnosti (Pokračovanie.),1905,"Slovenské pohľady, 1905, roč. 25, č. 3, s. 157 - 171",,columbia.edu + Zlatý fond,3,txt,zf,,
"ČAJAK, Ján",Z povinnosti (Pokračovanie.),1905,"Slovenské pohľady, 1905, roč. 25, č. 4, s. 220 - 234",,columbia.edu + Zlatý fond,3,txt,zf,,
"ČAJAK, Ján",Z povinnosti (Dokončenie.),1905,"Slovenské pohľady, 1905, roč. 25, č. 5, s. 287 - 302",,columbia.edu + Zlatý fond,3,txt,zf,,
"ČAJAK, Ján",Zypa Cupák,1947,Liptovský Sv. Mikuláš: Tranoscius,,,,,,,
"ČAJAK, Ján ml.",Zuzka Turanová,1943,Košice: Vl. n.,,,,,,,
"CEHULA, Jozef",Za pravdou,1931,Trnava: SSV,,,,,,,
"ČERVEŇ, Ján",Modrá katedrála,1942,Turčiansky Sv. Martin: Matica slovenská,"1998, Bratislava: Vydavateľstvo SSS; 2011, Bratislava: Cathedra",Zlatý fond,3,txt,zf,,
"CHROBÁK, Dobroslav",Drak sa vracia,1943,Bratislava: Elán,"1944, 1946, Bratislava: Elán",Zlatý fond,3,txt,zf,,
"CHALUPKA, Ján","Chalupka, Ján: Bendeguz, Gyula Kolompos a Pišta Kurtaforint. Donquijotiáda podľa najnovšej módy",,,,,1,txt,juls,,
"ČIPKAY, Dobroslav Jonatán",Zkapaný diamant,1904,,,,2,txt,juls,,
"CHROBÁK, Dobroslav",Kamarát Jašek,1937,Bratislava - Praha: Leopold Mazáč,,Zlatý fond,2,txt,juls,,
"DAFČÍK, Ján",Na smrť odsúdenci (2 zv.),1930,Ružomberok: Lev,,,,,,,
"DETRICH, Július",Hra pokračuje,1944,Bratislava: Št. Šrobár,,,,,,,
"DILONG, Rudolf",Človek s láskou,1944,Bratislava: Rodina,,,,,,,
"DOBROTA, Andrej",Ľudia na zemi,1936,Bratislava: Slovenská liga,,,,,,,
"DOBROTA, Andrej",Mŕtve šťastie,1940,Bratislava: Slovák,,,,,,,
"Dobšinský, Pavol","Prostonárodné slovenské povesti zv. 1,2,3",,,,,1,txt,juls,,
"DONČOVÁ, Zlata",Arnaut,1944,Trnava: SSV,,,,,,,
ERCÉ,Bieda,1932,Nové Zámky: vl. n.,,,,,,,
ERCÉ,Mám sa výborne...,1935,Trnava: SSV,,,,,,,
ERCÉ,Mračná nad Novými Zámkami,1936,Bratislava: Slovák,,,,,,,
ERCÉ,V tôni polmesiaca,1936,Trnava: SSV,,,,,,,
"FAJBER, Štefan",Darované srdce,1946,Bratislava: Menyhartová,,,,,,,
"FERIENČÍK ŠTEFAN,",Irma,,,,,3,txt,kalligram,,
"FIGULI, Margita",Babylon,1946,Turčiansky Sv. Martin: Matica slovenská,"1980, Bratislava: Slovenský spisovateľ",uloz to (epub),,,,,
"FIGULI, Margita",Pokušenie,1937,Praha - Bratislava: Leopold Mazáč,,,1,txt,juls,,
"FIGULI, Margita",Tri gaštanové kone,1940,Turčiansky Sv. Martin: Matica slovenská,"1942, Turčiansky Sv. Martin: Matica slovenská",uloz to (epub),,,,,
"GABAJ, Ferdinand",Brmbolčekovci,1940,Bratislava: Nové Slovensko,,,,,,,
"GABAJ, Ferdinand",Katka a Kata,1934,"Žilina: Literárna družina Postup, n. Trnava: Fr. Urbánek",,,,,,,
"GABAJ, Ferdinand",Každý po svojom...,1942,Liptovský Sv. Mikuláš: Tranoscius,,,,,,,
"GABAJ, Ferdinand",Otec Timotej,1937,Turčiansky Sv. Martin: Matica slovenská ,,,,,,,
"GABAJ, Ferdinand",Suchý plač,1948,Bratislava: Družba,,,,,,,
"GABAJ, Ferdinand",Z chlapčeka vojak,1948,Bratislava: Štátne nakladateľstvo,,,,,,,
"GABAJ, Ferdinand",Zpod šindlovej strechy,1936,Bratislava: Eos,,,,,,,
"GAŠPAR, Tido J.",Buvi - Buvi,1925,Bratislava - Praha: Leopold Mazáč,,,,,,,
"GAŠPAR, Tido J.",Červený koráb,1931,Turčiansky Sv. Martin: Matica slovenská,"1936, Turčiansky Sv. Martin: Matica slovenská; 2006, Bratislava: Vydavateľstvo SSS",uloz to (scan),,,,,
"GAŠPAR, Tido J.",Deputácia mŕtvych a iné kresby,1922,Turčiansky Sv. Martin: KÚS,,,,,,,
"GAŠPAR, Tido J.",Hana a iné novely,1920,Turčiansky Sv. Martin: Tatran,,,,,,,
"GAŠPAR, Tido J.",Karambol a iné novely,1925,Turčiansky Sv. Martin: KÚS,,,,,,,
"GAŠPAR, Tido J.",Námorníci,1933,Bratislava: Bibliotheka,"1970, Bratislava: Tatran",,,,,,
"GAŠPAR, Tido J.",Pri kráľovej studni,1929,Bratislava - Praha: Leopold Mazáč,,,,,,,
"GAŠPAR, Tido J.",V cudzine a iné rozprávky,1935,Bratislava: Bibliotheka,,,,,,,
"GAVORNÍKOVÁ, Mária",Spoveď žien,1942,Modra: Teodor Mesík,,,,,,,
"GERLACH, Marián (pseud. BRÁZDA, Andrej)",Krv z jeho krvi,1947,Trnava: SSV,,,,,,,
"GOGEISL, František",Novelly,1921,Ružomberok: Lev,,,,,,,
"GRÁF, Štefan",Cesta za snom,1942,Bratislava: Čas,,,,,,,
"GRÁF, Štefan",Jur Janošiak,1944,Turčiansky Sv. Martin: Matica slovenská,,,,,,,
"GRÁF, Štefan",Oceľové vlny,1941,Turčiansky Sv. Martin: Matica slovenská,,,,,,,
"GRÁF, Štefan",V horúcom príboji,1937,Turčiansky Sv. Martin: Matica slovenská,,,,,,,
"GRÁF, Štefan",Zápas,1939,Turčiansky Sv. Martin: Matica slovenská,,,,,,,
"GRÁF, Štefan",Zmätok,1938,Turčiansky Sv. Martin: Matica slovenská,,,,,,,
"GRÁF, Štefan",Žeravý bod,1940,Turčiansky Sv. Martin: Matica slovenská,,,,,,,
"GREBÁČ-ORLOV, Ignác",Z mojej prózy,1921,Ružomberok: Lev,,,,,,,
"GREGOROVÁ, Hana",Čas nezastavíš,1938,Praha: Melantrich,,,,,,,
"GREGOROVÁ, Hana",Môj svet,1920,Prešov: vl. n.,,,,,,,
"GREGOROVÁ, Hana",Pokorní ľudia,1924,Bratislava: Literárny odbor UBS,,,,,,,
"GREGOROVÁ, Hana",Vlny duše,1933,Bratislava: Bibliotheka,,,,,,,
"GREGOROVÁ, Hana",Zo srdca,1930,Praha: Leopold Mazáč,,,,,,,
"GORAL, Štefan",V bratskom objatí,1943,Bratislava: G. A. Bežo,,,,,,,
"HANDZOVÁ, Viera",Človečina,,,,,1,txt,juls,,
"HEČKO, František",Červené víno,1948,Turčiansky Sv. Martin: Matica slovenská,"1973, Bratislava: Slovenský spisovateľ; 2013, Martin: Vydavateľstvo MS",uloz to (epub),,,,,
"HEČKO, František",Drevená dedina,1951,Bratislava - Martin: Slovenský spisovateľ - Matica slovenská,"1952, Martin: Matica slovenská",,1,txt,juls,,
"HOLÉCZY, Ervín",Inžinier Riava,1929,Bratislava - Praha: Leopold Mazáč,,,,,,,
"HORÁK, Jozef",Biele ruky,1940,Turčiansky Sv. Martin: Matica slovenská,,,,,,,
"HORÁK, Jozef",Hory mlčia,1947,Turčiansky Sv. Martin: Matica slovenská,"1949, Turčiansky Sv. Martin: Matica slovenská",,,,,,
"HORÁK, Jozef",Táliky,1943,Turčiansky Sv. Martin: Matica slovenská,,,,,,,
"HORÁK, Jozef",Vysoká pec,1950,Turčiansky Sv. Martin: Matica slovenská,,,,,,,
"HORÁK, Jozef",Zahmlený návrat,1946,Turčiansky Sv. Martin: Matica slovenská,,,,,,,
"HORÁK, Jozef",Zlaté mesto,1942,Turčiansky Sv. Martin: Kompas,,uloz to (scan),,,,,
"HORÁNSKY, Ľudo",Archív D,1943,Bratislava: M. Borovina,,,,,,,
"HORNAD, Vlado",Povstanie v Ubangi,1943,Bratslava: Matúš Borovina,,,,,,,
"HORNYÁNSZKY, Viktor",I malé díetky majú dobre činiť,1874,V Pešti: Tiskem Victora Hornyánszkého,,,2,txt,juls,,
"HORVÁTH-OLŠOVSKÝ, Ivan",Mozaika života a snov,1922,Myjava: Daniel Pažický,,,,,,,
"HORVÁTH, Ivan",Človek na ulici,1928,Bratislava - Praha: Leopold Mazáč,"1964, Bratislava: SVKL; 2017, Bratislava: Ikar",,1,txt,juls,,
"HORVÁTH, Ivan",Strieborný prach,1929,Bratislava: Slovenská Grafia,,,,,,,
"HORVÁTH, Ivan",Vízum do Európy,1930,Bratislava: UBS,"1946, Turčiansky Sv. Martin: Matica slovenská; 2012, Bratislava: Tatran",,,,,,
"HRANKO, Martin",Bodliaky,1928,Zvolen,,,,,,,
"HRONSKÝ, Jozef Cíger",Domov,1925,Turčiansky Sv. Martin: KÚS,,,,,,,
"HRONSKÝ, Jozef Cíger",Chlieb,1931,Turčiansky Sv. Martin: Matica slovenská,"1934, Turčiansky Sv. Martin: Matica slovenská",,,,,,
"HRONSKÝ, Jozef Cíger",Jozef Mak,1933,Turčiansky Sv. Martin: Matica slovenská,"1936, Turčiansky Sv. Martin: Matica slovenská",uloz to (scan),1,txt,juls,,
"HRONSKÝ, Jozef Cíger",Medové srdce,1929,Bratislava - Praha: Leopold Mazáč,,,,,,,
"HRONSKÝ, Jozef Cíger",Pisár Gráč,1940,Turčiansky Sv. Martin: Matica slovenská,"1969, Bratislava: Tatran; 2018, Bratislava: Ikar",,,,,,
"HRONSKÝ, Jozef Cíger",Proroctvo doktora Stankovského,1930,Bratislava - Praha: Leopold Mazáč,,,,,,,
"HRONSKÝ, Jozef Cíger",Sedem sŕdc,1934,Turčiansky Sv. Martin: Živena,,,,,,,
"HRONSKÝ, Jozef Cíger",Tomčíkovci,1933,Trnava: SSV,,,,,,,
"HRONSKÝ, Jozef Cíger",U nás,1923,Turčiansky Sv. Martin: Matica slovenská,"1928, Turčiansky Sv. Martin: Matica slovenská",,,,,,
"HRONSKÝ, Jozef Cíger",Žltý dom v Klokoči,1927,Bratislava - Praha: Leopold Mazáč,"1928, Bratislava - Praha: Leopold Mazáč",,,,,,
"HRONSKÝ, Jozef Cíger",Zlatý dážď - Rozprávky,,,,,2,txt,juls,,
"HRTUS-JURINA, Pavol ",Kameň na kameni,1947,Trnava: SSV,,,,,,,
"HRUŠOVSKÝ, Ján",Búrka nad Devínom (3 zv.),1936,"Bratislava, b. n.",,,,,,,
"HRUŠOVSKÝ, Ján",Dolorosa,1925,Bratislava - Praha: Leopold Mazáč,"1936, Bratislava - Praha: Leopold Mazáč",,,,,,
"HRUŠOVSKÝ, Ján",Dráma na ostrove,1935,Bratislava: Bibliotheka,,,,,,,
"HRUŠOVSKÝ, Ján",Dva železné dvory,1938,Bratislava,,,,,,,
"HRUŠOVSKÝ, Ján",František Ferdinand,1935,Bratislava: Slovenský deník,,,,,,,
"HRUŠOVSKÝ, Ján",Jánošík,1933,Bratislava: Novina,,,,,,,
"HRUŠOVSKÝ, Ján",Muž s protézou,1924,Bratislava: Academia,"2000, Bratislava: Vydavateľstvo SSS",,,,,,
"HRUŠOVSKÝ, Ján",Neuveriteľný prípad dr. Gallusa,1936,Bratislava: Novina,,,,,,,
"HRUŠOVSKÝ, Ján",Peter a Pavel na prahu nového sveta,1930,Bratislava - Praha: Leopold Mazáč,"1936, Bratislava - Praha: Leopold Mazáč",,,,,,
"HRUŠOVSKÝ, Ján",Pompiliova Madona,1923,Bratislava: Slovenské kníhkupectvo,,,,,,,
"HRUŠOVSKÝ, Ján",Takí sme boli...,1920,Turčiansky Sv. Martin: KÚS,,,,,,,
"HRUŠOVSKÝ, Ján",Verný hrdina (3 zv.),1935,Bratislava: Novina,,,,,,,
"HRUŠOVSKÝ, Ján",Zmok a iné poviedky,1925,Turčiansky Sv. Martin: KÚS,,,,,,,
"HUTÁR, Jozef",Hrdinovia,1945,Žilina: O. Trávniček,,,,,,,
"IVANKOVÁ, Elena N.",V krinolíne,1929,Turčiansky Sv. Martin: Matica slovenská,"1933, Turčiansky Sv. Martin: Matica slovenská",Zlatý fond,3,txt,zf,,
"JANČOVÁ, Mária",Divé husy,,,,,1,txt,juls,,
"JAŠÍK, Rudolf",Na brehu priezračnej rieky,,,,,1,txt,juls,,
"JÉGÉ, Nádaši Ladislav",Adam Šangala,1923,Turčiansky Sv. Martin: Matica slovenská a KÚS,"1925, 1928, Turčiansky Sv. Martin: Matica slovenská",Zlatý fond,3,txt,zf,,
"JÉGÉ, Nádaši Ladislav",Alina Orságová,1934,Bratislava - Praha: Leopold Mazáč,,Zlatý fond,3,txt,zf,,
"JÉGÉ, Nádaši Ladislav",Cesta životom,1930,Turčiansky Sv. Martin: KÚS,"2011, Bratislava: Cathedra",Zlatý fond,3,txt,zf,,
"JÉGÉ, Nádaši Ladislav",Itália,1931,Turčiansky Sv. Martin: Matica slovenská,,,,,,,
"JÉGÉ, Nádaši Ladislav",Kozinský mlyn a iné,1931,Žilina: O. Trávniček,,Zlatý fond,3,txt,zf,,
"JÉGÉ, Nádaši Ladislav",Kuruci,1931,Turčiansky Sv. Martin: Matica slovenská,,Zlatý fond,3,txt,zf,,
"JÉGÉ, Nádaši Ladislav",Medzi nimi,1934,Turčiansky Sv. Martin: Matica slovenská,,,,,,,
"JÉGÉ, Nádaši Ladislav",S duchom času,1937,Turčiansky Sv. Martin: Matica slovenská,,Zlatý fond,3,txt,zf,,
"JÉGÉ, Nádaši Ladislav",Wieniawského legenda,1927,Praha: Leopold Mazáč,,Zlatý fond,3,txt,zf,,
"JÉGÉ, Nádaši Ladislav",Z dávnych časov,1927,Žilina: O. Trávniček,,,,,,,
"JESENSKÝ, Janko",Demokrati,1934,Turčiansky Sv. Martin: Matica slovenská,"1985, Bratislava: Tatran",Zlatý fond  (zle kodovanie sposobuje nevalidny eltec),1,txt,zf,,
"JESENSKÝ, Janko",Demokrati (2. diel),1938,Turčiansky Sv. Martin: Matica slovenská,,Zlatý fond (ako eltec by to mala byt jedna kniha),1,txt,zf,,
"JESENSKÝ, Janko",Zo starých časov,1935,Bratislava: Bibliotheka,,Zlatý fond,3,txt,zf,,
"JESENSKÝ, Janko",Malomestské rozprávky,1917,,,,2,txt,juls,,
"JILEMNICKÝ, Peter",Kompas v nás,1937,Praha: Družstevní práce,"1985, Bratislava: Tatran",,,,,,
"JILEMNICKÝ, Peter",Kus cukru,1934,Praha: Družstevní práce,,Zlatý fond,3,,,,
"JILEMNICKÝ, Peter",Návrat,1930,Břeclav: Stan,,,,,,,
"JILEMNICKÝ, Peter",Pole neorané,1932,Praha: Družstevní práce,"1984, Bratislava: Tatran",Zlatý fond (zle kodovanie sposobuje nevalidny eltec),2,txt,zf,,
"JILEMNICKÝ, Peter",Víťazný pád,1929,Praha: Leopold Mazáč,"1952, Bratislava: Pravda",Zlatý fond,3,txt,zf,,
"JILEMNICKÝ, Peter",Zuniaci krok,1930,Praha: Leopold Mazáč,,Zlatý fond,3,txt,zf,,
"JILEMNICKÝ, Peter",Kus cukru,,,,,3,txt,zf,,
"KÁDI (MÜLLER, Bohumil)","Tadeáš Vávra, inšpektor",1923,Košice: Slovenský bazár,,,,,,,
"KÁDI (MÜLLER, Bohumil)","Tadeáš Vávra, inšpektor (2. diel)",1926,Košice: Slovenský bazár,,,,,,,
"KARVAŠ, Peter",Niet prístavov,1946,Turčiansky Sv. Martin: Matica slovenská,,,,,,,
"KARVAŠ, Peter",Pokolenie v útoku,1952,Bratislava: Slovenský spisovateľ,,,2,txt,juls,,
"KARVAŠ, Peter",Toto pokolenie,1949,Turčiansky Sv. Martin: Matica slovenská,,,2,txt,juls,,
"KARVAŠ, Peter",S nami a proti nám,,,,,2,txt,juls,,
"KATINA, Andrej Ľudovít",Jožko fúka do rádia,1935,Myjava: Daniel Pažický,,,,,,,
"KAVEC, Matúš",Grapy,1936,Turčiansky Sv. Martin: Matica slovenská,"1943, Turčiansky Sv. Martin: Matica slovenská",,,,,,
"KAVEC, Matúš",Kuvik na plote,1935,Bratislava - Praha: Leopold Mazáč,,,,,,,
"KAVEC, Matúš",Návrat na hole,1946,Turčiansky Sv. Martin: Matica slovenská,,,,,,,
"KAVEC, Matúš",Nezamestnaný,1935,Bratislava: Bibliotheka,,,,,,,
"KAVEC, Matúš",V rudých hmlách,1930,Turčiansky Sv. Martin: KÚS,,,,,,,
"KOLESÁR, Miloš",Zlatá fantázia...,1933,"Bratislava, b. n.",,,,,,,
"KOMPIŠ, Peter",Bludná púť velikého čarodeja,1929,Praha: Leopold Mazáč,,Zlatý fond,3,txt,zf,,
"KOMPIŠ, Peter",Cesta do kriminálu,1926,Košice: Slovenský východ,,Zlatý fond,3,txt,zf,,
"KOMPIŠ, Peter",Krásna Gerta,1936,Myjava: Daniel Pažický,,Zlatý fond,3,txt,zf,,
"KOMPIŠ, Peter",Lovec jaguárov,1926,Žilina: O. Trávniček,"1938, Praha - Bratislava: Štátne nakladateľstvo",Zlatý fond,3,txt,zf,,
"KOMPIŠ, Peter",Osloboditeľ,1927,Praha: Leopold Mazáč,,Zlatý fond,3,txt,zf,,
"KOMPIŠ, Peter",Sokyne,1925,Košice: Štanglerovo kníhkupectvo,,Zlatý fond,3,txt,zf,,
"KOMPIŠ, Peter",Starý ženích a iné rozprávky,1926,"Košice, b. n.",,Zlatý fond,3,txt,zf,,
"KOMPIŠ, Peter",Stoličný bál,1931,Žilina: O. Trávniček,,Zlatý fond,3,txt,zf,,
"KOMPIŠ, Peter",Zelený mlyn,1934,Myjava: Daniel Pažický,,Zlatý fond,3,txt,zf,,
"KOPEČNÝ, Viliam",Prípad doktora Lamača,1946,Bratislava: Justitia,,,,,,,
"KRÁĽ, Fraňo","Bude, ako nebolo",1953,Bratislava: Slovenský spisovateľ,,uloz to (scan),,,,,
"KRÁĽ, Fraňo",Cesta zarúbaná,1934,Praha: Družstevní práce,"1975, Bratislava: Tatran",,,,,,
"KRÁĽ, Fraňo",Čenkovej deti,1932,Bratislava: Academia,,,,,,,
"KRÁĽ, Fraňo",Stretnutie,1945,Turčiansky Sv. Martin: Matica slovenská,"1947, Turčiansky Sv. Martin: Matica slovenská",,,,,,
"KRIŽKA, Alex",Smutný chlapec,1928,Košice: Slovenský východ,,,,,,,
"KUBRAN, Rudo",Večera zaľúbených,1948,Bratislava: Júlia Tokárová-Menyhartová,,,,,,,
"KRESÁNEK-LADČAN, Ján",... Za nami púšť,1947,Trnava: SSV,,,,,,,
"LASTIČ, Jožo",Kapitán Seč,1945,Ružomberok: Koruna,,,,,,,
"KRNO, Miloš",Dve cesty,1953,Bratislava: Slovenský spisovateľ,,,,,,,
"LANDÍKOVÁ, Oľga",Osudné stretnutie,1947,Bratislava: Menyhartová,,,,,,,
"LAZAN, Andrej",Kým iní bojovali,1940,Bratislava: Slovenská politika,,,,,,,
"KUBÁNI, Ľudovít",Hlad a láska,,,,,3,txt,kalligram,,
"KUBÁNI, Ľudovít",Čierne a biele šaty,,,,,3,txt,kalligram,,
"KUBÁNI, Ľudovít",Emigranti,,,,,3,txt,kalligram,,
"KUBÁNI, Ľudovít",Dva obedy,,,,,3,txt,kalligram,,
"KUBÁNI, Ľudovít",Mendik,,,,,1,txt,juls,,
"LAZAROVÁ, Katarína",Kamaráti,1949,Bratislava: Dukla,,,,,,,
"LAZAROVÁ, Katarína",Osie hniezdo,1953,Bratislava: Slovenský spisovateľ,,,,,,,
"LAZAROVÁ, Katarína",Traja z neba,1950,Turčiansky Sv. Martin: Matica slovenská,,,2,txt,juls,,
"LETZ, Štefan",Obyvatelia dvora,1927,Bratislava - Praha: Leopold Mazáč,,,,,,,
"MAČINGOVÁ, Božena",Plechové srdiečko,1973,Východoslovenské vydavateľstvo,,,2,txt,juls,,
"MARENČIN, Albert",Predná hliadka,1950,Bratislava: Dukla,"1951, Bratislava: Dukla",,,,,,
"MARENČIN, Albert",Predná hliadka,1950,Bratislava: Dukla,"1951, Bratislava: Dukla",,,,,,
"MARENČIN, Vojtech",Kto za pravdu horí,1931,Prešov: b. n.,,,,,,,
"MARENČIN, Vojtech",Tieň noci,1926,Prešov: Minerva,,,,,,,
"ŠOLTÉSOVÁ, Elena ",Príprava ku svadbe,1882,"Slovenské pohľady, 1882, roč. 2, č. 3, s. 217 - 235",,Zlatý fond,3,txt,zf,,
"MARŠALL-PETRVOSKÝ, Gustáv",Pod hrubou kôrou,,,,,3,txt,zf,,
"MARŠALL-PETRVOSKÝ, Gustáv",Tri dni z denníka,,,,,3,txt,zf,,
"MARŠALL-PETRVOSKÝ, Gustáv",V cudzine,,,,,3,txt,zf,,
"MARŠALL-PETRVOSKÝ, Gustáv",Ako sa v P......i divadlo hralo,,,,,3,txt,zf,,
"MARŠALL-PETRVOSKÝ, Gustáv",Z parku,,,,,3,txt,zf,,
"MARŠALL-PETRVOSKÝ, Gustáv",Fi donc!,,,,,3,txt,zf,,
"MARŠALL-PETRVOSKÝ, Gustáv",Rýchlikom,,,,,3,txt,zf,,
MARŠALL-PETROVSKÝ,Jánošík,1894,New York: Slovák v Amerike,,,,,,,
"MARTIŠ, Albert",Na rozcestí,1922,Turčiansky Sv. Martin: Miloslav Schmidt,,Zlatý fond,3,txt,zf,,
"MENKINA, Tóno",Mlčanie Roberta Hronca,1935,Prešov: Pallas,,,,,,,
"MIHAL, Andrej",Temnom k jasnu,1928,Bratislava: Slovenská liga,,,,,,,
"MIHAL, Štefan",Súmrak,1923,Bratislava: Komenský,,,,,,,
"MIHALÍK, M. V.",Spútané more,1947,Trnava: SSV,,,,,,,
"MINÁČ, Vladimír",Modré vlny,1951,Bratislava: Slovenský spisovateľ,,,,,,,
"MINÁČ, Vladimír",Na rozhraní,1954,Bratislava: Slovenský spisovateľ,,uloz to (epub),,,,,
"MINÁČ, Vladimír",Prielom,1950,Bratislava: Dukla,,,,,,,
"MINÁČ, Vladimír",Smrť chodí po horách,1948,Bratislava: Tatran,"1950, Bratislava: Tatran",uloz to (epub),1,txt,juls,,
"MINÁČ, Vladimír",Včera a zajtra,1949,Bratislava: Tatran,"1950, Bratislava: Tatran; 1951, Bratislava: Slovenský spisovateľ",,,,,,
"MINÁRIK, Ivan",Smaragdový amulet,1946,Bratislava: B. Boucik,,,,,,,
"MITROVSKÝ, Milan Thomka",Pani Heléne,1930,Turčiansky Sv. Martin: Matica slovenská,"1932, Turčiansky Sv. Martin: Matica slovenská",Zlatý fond,3,txt,zf,,
"MLYNAROVIČ, Miloš K.",V tieni mrakodrapov,1949,Turčiansky Sv. Martin: Matica slovenská,,,,,,,
"MLYNSKÝ, Pavol",Brankár Ferko,1947,Bratislava: Pravda,,,,,,,
"LADISLAV, Mňačko",Dobrodružstvo vo Vietname,1954,Slovenské vydavateľstvo politickej literatúry,,,2,txt,juls,,
"LADISLAV, Mňačko",Smrť sa volá Engelchen,,,,,1,txt,juls,,
"LADISLAV, Mňačko",Čo nebolo v novinách,,,,,1,txt,juls,,
"LADISLAV, Mňačko",Marxova ulica,,,,,1,txt,juls,,
"MORA, M. J.",Karneval žobrákov,1933,Bratislava: Slovák,,,,,,,
"MORA, M. J.",Muškáty z baraku,1929,Zvolen: n. red. (Anton Šalát),,,,,,,
"MORA, M. J. ",Vrchy v hmlách,1934,Trnava: SMSS,,,,,,,
"MORIC, Rudo",Cez šesťdesiatjeden končiarov,,,,,1,txt,juls,,
"MOTULKO, Ján",Z ohňa a krvi,1948,Trnava: SSV,,,,,,,
"MURGAŠ, Karol",Česť a vlasť,1937,Bratislava: Slovák,,,,,,,
"MURGAŠ, Karol",Hrdinovia Alcazaru,1937,Bratislava: Slovák,,,,,,,
"MURGAŠ, Karol",Ľavá koľajnica,1938,Bratislava: Slovák,,,,,,,
MYRTA,Soňa,1925,Ivanka pri Nitre: Vl. n.,,,,,,,
"NÁDAŠI-JÉGÉ, Ladislav",Alina Orságová,,,,,3,txt,zf,,
"NÁDAŠI-JÉGÉ, Ladislav",Wieniawského legenda,,,,,3,txt,zf,,
"NÁDAŠI-JÉGÉ, Ladislav",Cesta životom,,,,,3,txt,zf,,
"NÁDAŠI-JÉGÉ, Ladislav",Kuruci,,,,,3,txt,zf,,
"NÁDAŠI-JÉGÉ, Ladislav",Adam Šangala,,,,,3,txt,zf,,
"NÁDAŠI-JÉGÉ, Ladislav",S duchom času,,,,,3,txt,zf,,
"NÁDAŠI-JÉGÉ, Ladislav",Kozinský mlyn,,,,,3,txt,zf,,
"NATŠIN, Ján",Život včiel,1943,,,,2,txt,juls,,
"NEDOBRÁ-ŽÁKOVÁ, Lujza",Zlatá zmija,1930,Žilina: Slovenská krajina,,,,,,,
"NIŽNÁNSKY, Jožo ",Čachtická pani,1931,Bratislava: Slovenská politika,"1932, 1933, 1934, 1936, Praha: Leopold Mazáč",,,,,,
"NIŽNÁNSKY, Jožo ",Dobrodružstvá Mórica Beňovského,1932,Bratislava: Slovenský denník,"1933, 1934, 1935, Praha: Leopold Mazáč",,,,,,
"NIŽNÁNSKY, Jožo ",Cholera,1934,Bratislava - Praha: Leopold Mazáč,"1934, Bratislava - Praha: Leopold Mazáč",,,,,,
"NIŽNÁNSKY, Jožo ",Krásna Hedviga,1935,Bratislava - Praha: Leopold Mazáč,,,,,,,
"NIŽNÁNSKY, Jožo ",Právo prvej noci,1937,Bratislava - Praha: Leopold Mazáč,,,,,,,
"NIŽNÁNSKY, Jožo ",Proti kaštielu,1946,Bratislava: s. n.,,,,,,,
"NIŽNÁNSKY, Jožo ",Spišské tajomstvo,1933,Bratislava: Slovenská politika,,,,,,,
"NIŽNÁNSKY, Jožo ",Studňa lásky,1934,Bratislava: Slovenská politika,,,,,,,
"NIŽNÁNSKY, Jožo ",Žena dvoch mužov,1936,Bratislava: b. n.,"1937, Bratislava - Praha: Leopold Mazáč",,,,,,
"ONDREJOV, Ľudo",Jerguš Lapin,1939,Praha: Leopold Mazáč,"1946, Turčiansky Sv. Martin: Matica slovenská",,,,,,
"ONDREJOV, Ľudo",Martin Nociar Jakubovie,1932,Turčiansky Sv. Martin: ĽOM,,,,,,,
"ONDREJOV, Ľudo",Na zemi sú tvoje hviezdy,1950,Bratislava: Pravda,,,,,,,
"ONDREJOV, Ľudo",Rozprávky z hôr,1932,Turčiansky Sv. Martin: Matica slovenská,,,,,,,
"ONDREJOV, Ľudo",Tátoš a človek,1933,Bratislava: UNAS,,,,,,,
"ONDREJOV, Ľudo",Zbojnícka mladosť,1937,Turčiansky Sv. Martin: Matica slovenská,"1946, Turčiansky Sv. Martin: Matica slovenská",uloz to (scan),,,,,
"ONDREJOV, Ľudo",Africký zápisík,1946,Matica slovenská,,,2,txt,juls,,
"ONDREJOV, Ľudo",Horami Sumatry,1936,Matica slovenská,,,2,txt,juls,,
"PASTORELLO, J. C.",Vojna richtárov,1949,Trnava: Spolok Sv. Vojtecha,,,,,,,
"PAULINY-TÓTH, Viliam",Politika oportunity,,,,,3,txt,kalligram,,
"PAULINY-TÓTH, Viliam",Slovenský pravopis,,,,,3,txt,kalligram,,
"PAULINY-TÓTH, Viliam",Škola a život,,,,,3,txt,kalligram,,
"PAULINY-TÓTH, Viliam",Náš človek,,,,,3,txt,kalligram,,
"PAULINY-TÓTH, Viliam",Nový rok,,,,,3,txt,kalligram,,
"PAULINY-TÓTH, Viliam",Povesť o Turovi,1899,,,,2,txt,juls,,
"PETROVIČ, Ján",Z baníckej viesky,1922,Trnava: G. a E. Bežo,,,,,,,
"PLÁVKA, Andrej",Návrat Petra Hugáňa,1949,Bratislava: Tatran,,,2,txt,juls,,
"PLÁVKA, Andrej",Obrátenie Pavla,1941,Turčiansky Sv. Martin: Matica slovenská,"1945, Turčiansky Sv. Martin: Matica slovenská",,,,,,
"PLÁVKA, Andrej",Siedmi,1952,Bratislava: Slovenský spisovaeľ,,,,,,,
"POCKODY, Alexander",Klasy nad oblohou,1938,Bratislava: Novina,,,,,,,
"POCKODY, Alexander",Zmŕtvychvstanie Jána Kasalu,1935,Bratislava: Bibliotheka,,,,,,,
"POCKODY, Alexander",Milióny Krištofa Maguru,1937,Národný hlásnik - Stredoslovenské noviny,,,,,,,
"POHRONSKÝ, Ján",Serptentíny,1951,Bratislava: Slovenský spisovateľ,,,,,,,
"POHRONSKÝ, Janko",Niet ďalej cesty,1947,Turčiansky Sv. Martin: Matica slovenská,,,,,,,
"POHRONSKÝ, Ján",Serptentíny,1951,Bratislava: Slovenský spisovateľ,,,,,,,
"PONIČAN, Ján",Hôrny kvet,1945,Liptovský Sv. Mikuláš: Tranoscius,,,,,,,
"PONIČAN, Ján",Na tepne čias,1949,Bratislava: Kniha,,,,,,,
"PONIČAN, Ján",Pavučina,1945,Bratislava: B. Buocik,,,,,,,
"PONIČAN, Ján",Sám,1945,Trnava: G. A. Bežo,,,,,,,
"PONIČAN, Ján",Stroje sa pohli,1935,Bratislava: Bibliotheka,,,,,,,
"PONIČAN, Ján",Treba žiť,1946,Liptovský Sv. Mikuláš: Tranoscius,,,,,,,
"PONIČAN, Ján",Z čias-nečias,1949,Bratislava: Práca,,,,,,,
"PRÍDAVOK, Anton",Lámané drieky,1938,Bratislava: Novina,,Zlatý fond,3,txt,zf,,
"PRÍDAVOK, Anton",Poklad na hradisku,1948,Bratislava: Ján Horáček,,,,,,,
"PRÍDAVOK, Anton",Rozbité ministerstvo,1928,Košice: Slovenská liga,,Zlatý fond,3,txt,zf,,
"PRÍDAVOK, Anton",Svitanie na východe,1928,Bratislava: Slovenská liga,,Zlatý fond,3,txt,zf,,
"PRÍDAVOK, Anton",Takí a onakí,1947,Košice: Svojina,,,,,,,
"PRŠANSKÝ, A. D. (DOBROTA, Andrej)",Striežňavský hlásnik a iné rozprávky,1925,Bratislava: Viktor Sekey,,,,,,,
"RÁZUS, Martin",Bača Putera,1934,Turčiansky sv. Martin: Matica slovenská,,,,,,,
"RÁZUS, Martin",Bombura,1937,Bratislava - Praha: Leopold Mazáč,,https://www.zabudnuteknihy.eu/bombura,,,,,
"RÁZUS, Martin",Júlia,1930,Bratislava - Praha: Leopold Mazáč,"1932, 1934, Brat. - Praha: Leopold Mazáč, 1941, Turčiansky S. Martin: Matica slovenská",Zlatý fond,3,txt,zf,,
"RÁZUS, Martin",Krčmársky kráľ,1935,Turčiansky Sv. Martin: Matica slovenská,"1938, Turčiansky S. Martin: Matica slovenská",Zlatý fond,3,txt,zf,,
"RÁZUS, Martin",Odkaz mŕtvych,1936,Bratislava - Praha: Leopold Mazáč,"1941, Turčiansky S. Martin: Matica slovenská",Zlatý fond,3,txt,zf,,
"RÁZUS, Martin",Svety (4 zv.),1929,Bratislava - Praha: Leopold Mazáč,"1931, Brat. - Praha: Leopold Mazáč, 1941, Turčiansky S. Martin: Matica slovenská",Zlatý fond,3,txt,zf,,
"RÁZUS, Martin",Z drobnej prózy,1926,Trnava: G. A. Bežo,"1941, Turčiansky S. Martin: Matica slovenská",,,,,,
"RÁZUSOVÁ-MARTÁKOVÁ, Mária","Zlatá podkova, zlaté pero, zlatý vlas",,,,,,,,,
"RYBÁRIK, Andrej",Boer,1941,Trnava: SSV,,,,,,,
"RYBÁRIK, Andrej",Novým prúdom,1935,Bratislava: Bibliotheka,,,,,,,
"RYBÁRIK, Andrej",V mene Jeho Veličenstva!,1934 (?),Žilina: Slovenská krajina,,,,,,,
"RYSUĽA, Štefan",Boží obľúbenci,1941,Liprovský Sv. Mikuláš: Tranoscius,,,,,,,
"RYSUĽA, Štefan",Lúče v tmách,1946,Liptovský Sv. Mikuláš: Tranoscius,,,,,,,
"RYSUĽA, Štefan",Milosť,1940,Liprovský Sv. Mikuláš: Tranoscius,,,,,,,
"RYSUĽA, Štefan",... Chodníčka nevieme,1943,Liptovský Sv. Mikuláš: Tranoscius,,,,,,,
"SIDOR, Karol",Kliatba nenarodených,1922,Ružomberok: Lev,,,,,,,
"SMEREKOVSKÁ, Jana",Blúdenie,1947,Bratislava: J. Menyhartová,,,,,,,
"STANKOVIČ, Alojz",Neznámi hrdinovia,1944,Bratislava: ÚSKM,,,,,,,
"SILNICKÝ, Karol",Priekopníci,1946,Bratislava: Ján Horáček,,,,,,,
"TIMRAVA, Božena Slančíková",Bez hrdosti,1905,"Slovenské pohľady, 1905, roč. 25, č. 6, s. 334 - 348",,columbia.edu + Zlatý fond,3,txt,zf,,
"TIMRAVA, Božena Slančíková",Boj,1900,"Slovenské pohľady, 1900, roč. 20, č. 2, s. 59 - 74",,,,,,,
"TIMRAVA, Božena Slančíková",Boj (Pokračovanie.),1900,"Slovenské pohľady, 1900, roč. 20, č. 3, s. 105 - 132",,,,,,,
"TIMRAVA, Božena Slančíková",Márnosť,1908,,,,2,txt,juls,,
"ŠKULTÉTY, Jozef",Vnučka,1882,"Slovenské pohľady, 1882, roč. 5, č. 6, s. 568 - 588",,,,,,,
"SOMOLICKÝ, Izidor",Striga a Doviedol somára namiesto kravy,1909,,,,2,txt,juls,,
"STANKOVIČ, Štefan",Z pokolenia šarhov,1942,Turčiansky Sv. Martin: Matica slovenská,,,,,,,
"STANKOVIČ, Štefan",Zákulisie miliónov,1949,Turčiansky Sv. Martin: Matica slovenská,,,,,,,
"STUDENOVODSKÝ, Štefan",Vraždil som ,1942,Bratuslava: Matej Vosko,,,,,,,
"SUCHANSKÝ, Peter",Diamantové údolie,1933,Bratislava: UNÁS,,,,,,,
"SUCHANSKÝ, Peter",Sem-tam a iné rozprávky,1922,Spišská Nová Ves: D. Ferenc,,,,,,,
"SUCHANSKÝ, Peter",Stratení ľudia,1935,Bratislava: UNÁS,,,,,,,
"SUCHANSKÝ, Peter",Tri snúbenice,1934,Turčiansky Sv. Martin: KÚS,,,,,,,
"SUCHANSKÝ, Peter",V Brazílii,1932,Turčiansky Sv. Martin: KÚS,,,,,,,
"SUCHANSKÝ, Peter",Za diamantmi v divočinách Brazílie,1931 (?),Trnava: G. A. Bežo,,,,,,,
"SUCHANSKÝ, Peter",Záhadná krajina v tropickom vnútrozemí Brazílie,1928,Trnava: G. A. Bežo,,,,,,,
"SUCHANSKÝ, Peter",Záhadné lietadlo,1931,Turčiansky Sv. Martin: KÚS,"1938, Bratislava: Bibliotheka",,,,,,
"SUCHANSKÝ, Peter",Zlaté mesto v pralesoch,1934,Bratislava: UNÁS,,,1,txt,juls,,
"ŠAĽAN, Jožo P.",Kvietne biely orgován,1943,Žilina: s. n.,,,,,,,
"ŠTANGA, Ivan",Muž s kostrou,1944,Bratislava: Matúš Borovina,,,,,,,
"STACHO, Pavel",Z našich mlynov. Humoresky,1915,Páričkova Slovenská Knižnica,,,2,txt,juls,,
"ŠUTTA, Ladislav",Ukradnuté oči,1946,Ružomberok: Koruna,,,,,,,
"ŠVANTNER, František",Malka,1942,Turčiansky Sv. Martin: Matica slovenská,"1962, Bratislava: Slovenský spisovateľ",Zlatý fond,2,txt,,,
"ŠVANTNER, František",Nevesta hôľ,1946,Turčiansky Sv. Martin: Matica slovenská,"1962, Bratislava: Slovenský spisovateľ",Zlatý fond,2,txt,,,
"SVOBODA, Anton","Výlet na ""Chmeľovú""",,,,,3,scan,ukb,,
"TAJOVSKÝ, Gregor Jozef",Tŕpky,1911,,,,2,txt,juls,,
"TATARKA, Dominik",Družné letá,1954,Bratislava: Slovenský spisovateľ,,,,,,,
"TATARKA, Dominik",Farská republika,1948,Turčiansky Sv. Martin: Matica slovenská,"1951, Turčiansky Sv. Martin: Matica slovenská",,,,,,
"TATARKA, Dominik",Panna zázračnica,1944,Turčiansky Sv. Martin: Matica slovenská,,,,,,,
"TATARKA, Dominik",Prvý a druhý úder,1950,Bratislava: Pravda,,,1,txt,juls,,
"TATARKA, Dominik",Radostník,1954,Bratislava: Slovenský spisovateľ,,,2,txt,juls,,
"TATARKA, Dominik",V úzkosti hľadania,1942,Turčiansky Sv. Martin: Matica slovenská,"1948, Turčiansky Sv. Martin: Matica slovenská",,,,,,
"TOPOĽSKÁ, Mária",Jedovaté roky,1949,Turčiansky Sv. Martin: Matica slovenská,,,,,,,
"TOPOĽSKÁ, Mária",V putách zeme,1944,Turčiansky Sv. Martin: Matica slovenská,,,,,,,
"TURČAN, Dežo S.",Slováci v stratosfére,1936,Bratislava: Smejúci sa filozofi,,,,,,,
"URBAN, Milo",Hmly na úsvite,1930,Praha: Družstevní práce,,uloz to (epub),,,,,
"URBAN, Milo",Jašek Kutliak zpod Bučinky,1922,Ružomberok: Lev,,,,,,,
"URBAN, Milo",Z tichého frontu,1932,Bratislava: ÚSKŠ,,,,,,,
"URBAN, Milo",V osídlach,1940,Turčiansky Sv. Martin: Kompas,,uloz to (epub),,,,,
"URBAN, Milo",Výkriky bez ozveny,1928,Bratislava: Academia,,,,,,,
"URBAN, Milo",Za vyšným mlynom,1926,Bratislava: Slovenský národ,,,,,,,
"URBAN, Milo",Zhastnuté svetlá,,,,,1,txt,juls,,
"URBAN, Milo",Živý bič,1927,Bratislava - Praha: Leopold Mazáč,"1929, 1931, 1933, Praha: Družstevní práce",uloz to (epub),,,,,
"URBANOVIČ, Kvetoslav F.",Bez vesla,1926,Bratislava: Academia,,,,,,,
"URBANOVIČ, Kvetoslav F.",Oráčina,1933,Bratislava - Praha: Leopold Mazáč,"1934, 1935, Bratislava - Praha: Leopold Mazáč",,,,,,
"URBANOVIČ, Kvetoslav F.",Poklesky,1922,Bratislava: Comenius,,,,,,,
"URBANOVIČ, Kvetoslav F.",Ťarcha doby,1925,Bratislava: Slovenská politika,,,,,,,
"URBANOVIČ, Kvetoslav F.",Tridsať strieborných,1923,Bratislava: Slovenské kníhkupectvo,,,,,,,
"VÁH, Jozef",Jánošík na Tematíne,1949,Štátne nakldateľstvo v Bratislave,,,2,txt,juls,,
"VAJANSKÝ, Svetozár Hurban",Babie leto,1882,"Slovenské pohľady, 1882, roč. 2, č. 4, s. 363 - 396",,,3,txt,zf,,
"VAJANSKÝ, Svetozár Hurban",Búrka v zátiší,1882,"Slovenské pohľady, 1882, roč. 2, č. 1, s. 56 - 86",,Zlatý fond,3,txt,zf,,
"VAJANSKÝ, Svetozár Hurban",Kanditát,1881,"Slovenské pohľady, 1881, roč. 1, č. 2, s. 159 - 177",,Digitálna knižnica UKB,3,txt,zf,,
"VAJANSKÝ, Svetozár Hurban",Mier duše,1881,"Slovenské pohľady, 1881, roč. 1, č. 2, s. 343 - 374",,Digitálna knižnica UKB,3,scan + txt,ukb + juls,,
"VAJANSKÝ, Svetozár Hurban",Podrost,1881,"Slovenské pohľady, 1881, roč. 5, č. 3, s. 249 - 276",,Digitálna knižnica UKB,3,txt,zf,,
"VAJANSKÝ, Svetozár Hurban",V malom meste,1882,"Slovenské pohľady, 1882, roč. 2, č. 2, s. 156 - 176",,Zlatý fond,3,txt,zf,,
"VAJANSKÝ, Svetozár",Kotlín (Časť tretia),,,,,3,txt,zf,,
"VAJANSKÝ, Svetozár Hurban",Koreň a výhonky,1908,Turčiansky Sv. Martin: Kníhkupecko-nakladateľský spolok,,,,,,,
"VAJANSKÝ, Svetozár Hurban",Kotlín,1901,Turčiansky Sv. Martin: Kníhkupecko-nakladateľský spolok,,,,,,,
"VAJANSKÝ, Svetozár Hurban",Ľalia,1908,Turčiansky Sv. Martin: Kníhkupecko-nakladateľský spolok,,,,,,,
"VAJANSKÝ, Svetozár Hurban",Letiace tiene - Pustokvet,1907,Turčiansky Sv. Martin: Kníhkupecko-nakladateľský spolok,,,,,,,
"VAJANSKÝ, Svetozár Hurban",Novely,1899,"Praha: J. Otto, 1899",,,,,,,
"VAJANSKÝ, Svetozár Hurban",Novely,1894,Olomouc: Karel Wolf,,,,,,,
"VAJANSKÝ, Svetozár Hurban",Pustokvet,1907,Turčiansky Sv. Martin: Kníhkupecko-nakladateľský spolok,,,,,,,
"VAJANSKÝ, Svetozár",Kotlín (Časť druhá),,,,,3,txt,zf,,
"VAJANSKÝ, Svetozár Hurban",Kotlín,1901,Turčiansky Sv. Martin: KÚS,,Zlatý fond (chyba prvy diel),,,,,
"VAJANSKÝ, Svetozár Hurban",Sobrané diela SHV I.,1907,Turčiansky Sv. Martin: Kníhkupecko-nakladateľský spolok,,,,,,,
"VAJANSKÝ, Svetozár Hurban",Suchá ratolesť,1909,Turčiansky Sv. Martin: Kníhkupecko-nakladateľský spolok,,,,,,,
"VÁMOŠ, Gejza",Atómy Boha,1928,Bratislava - Praha: Leopold Mazáč,"1933, 1934, 1935, Bratislava - Praha: Leopold Mazáč",,2,txt,juls,,
"VÁMOŠ, Gejza",Editino očko,1925,Bratislava - Praha: Leopold Mazáč,"1936, Bratislava - Praha: Leopold Mazáč; 1968, Bratislava: Tatran",,2,txt,juls,,
"VÁMOŠ, Gejza",Jazdecká legenda,1932,Bratislava - Praha: Leopold Mazáč,"1934, Praha: Leopold Mazáč",uloz to (epub),,,,,
"VÁMOŠ, Gejza",Odlomená haluz,1934,Praha: Melantrich,"2004, Bratislava: Vydavateľstvo SSS",,,,,,
"VANSOVÁ, Terézia",Ako zo svojho a iná próza,1928,Banská Bystrica: Ondrej Žabka,,,,,,,
"VANSOVÁ, Terézia",Boženka,1927,Žilina: O. Trávníček,,,,,,,
"VANSOVÁ, Terézia",Čo si rozprávaly klobúky,1885,"Slovenské pohľady, 1885, roč. 5, č. 1, s. 75 - 83",,Digitálna knižnica UKB,3,scan,ukb,,
"VANSOVÁ, Terézia",Humoreska,1885,"Slovenské pohľady, 1885, roč. 5, č. 2, s. 160 - 166",,Digitálna knižnica UKB,3,scan ,ukb,,
"VANSOVÁ, Terézia",Dve novelky,1911,Modra: Š. Roháček,,,,,,,
"VANSOVÁ, Terézia",Ilenin vydaj a iná próza,1933,Praha: L. Mazáč,,,,,,,
"VANSOVÁ, Terézia",Kliatba,1926,Košice: Vydavateľstvo Slovenského východu,,,,,,,
"VANSOVÁ, Terézia",Novely: Hojže Bože! a iné,1941,Liptovský Sv. Mikuláš: Tranoscius,,,,,,,
"VANSOVÁ, Terézia",Prsteň a iné novely,1930,Praha: L. Mazáč,,,,,,,
"VANSOVÁ, Terézia",Rozsobášení a iná próza,1930,Praha: L. Mazáč,,,,,,,
"VANSOVÁ, Terézia",Sestry,1930,Praha: L. Mazáč,,,,,,,
"VANSOVÁ, Terézia",Sirota Podhradských,1889,Ružomberok: Karol Salva,,,1,txt,juls,,
"VANSOVÁ, Terézia",Supplikant,1919,Turčiansky Sv. Martin: Kníhkupecko-nakladateľský spolok,,,,,,,
"VANSOVÁ, Terézia",Vlčia tma,1919,Turčiansky Sv. Martin: Lipa,,,,,,,
"VANSOVÁ, Terézia",Z fary a zo školy,1931,Praha: L. Mazáč,,,,,,,
"VANSOVÁ, Terézia",Danko a Janko,1943,,,,2,txt,juls,,
"VAŠKO, Alexander",Slovensko na poschodiach,1940,Trnava: SSV,,,,,,,
"VAŠKO, Alexander",Odplata,1938,Trnava: SSV,,,,,,,
"VAŠKO, Alexander",Spútané more,1947,Trnava: SSV,,,2,txt,juls,,
"VAŠKO, Alexander",Tajomstvo jaskýň,1936,Trnava: SSV,,,,,,,
"VAŠKO, Alexander",V drápoch satanov,1934,Slovenský večerník (román na pokračovanie),,,,,,,
"VAŠKO, Alexander",Zradná sfinx,1934,Slovenský večerník (román na pokračovanie),,,,,,,
"VINOHRADSKÝ, H",Priekopy smrti,,,,,1,txt,juls,,
"VOJTÁŠ, Matej",Kumánska krv,1947,Turčiansky Sv. Martin: Matica slovenská,,,,,,,
"VOJTÁŠ, Matej",Tatárska pohroma,1937 (?),Košice: Novosti,"1943, Turčiansky Sv. Martin: Matica slovenská",,,,,,
ZÁBOJ,Bratia Grňovci,1941,Žilina: Slovenská politika,,,,,,,
"ZÁBREDSKÝ, Andrej",Cesta domov,1948,Bratislava: Ján Šimončič,,,,,,,
"ZÁBREDSKÝ, Andrej",Víťazný návrat,1947,Turčiansky Sv. Martin: Matica slovenská,,,,,,,
"ZECHENTER-LASKOMERSKÝ, Gustáv",Študentský majáles,,,,,3,txt,kalligram,,
"ZECHENTER-LASKOMERSKÝ, Gustáv",Cestovanie na vakácie,,,,,3,txt,kalligram,,
"ZECHENTER-LASKOMERSKÝ, Gustáv",Svet,,,,,3,txt,kalligram,,
"ZECHENTER-LASKOMERSKÝ, Gustáv",Radvanský jarmok,,,,,3,txt,kalligram,,
"ZECHENTER-LASKOMERSKÝ, Gustáv",Prvý tanec,,,,,3,txt,kalligram,,
"ZECHENTER-LASKOMERSKÝ, Gustáv",Prmpulík,,,,,3,txt,kalligram,,
"ZECHENTER-LASKOMERSKÝ, Gustáv",Zima roku 1871,,,,,3,txt,kalligram,,
"ZELINOVÁ, Hana",Anjelská zem,1946,Liptovský Sv. Mikuláš: Tranoscius,,,,,,,
"ZELINOVÁ, Hana",Sivá húska,,,,,1,txt,juls,,
"ZELINOVÁ, Hana","Dievočka, vstaň!",1948,Liptovský Sv. Mikuláš: Tranoscius,,,,,,,
"ZELINOVÁ, Hana",Hora pokušenia,1948,Liptovský Sv. Mikuláš: Tranoscius,,,,,,,
"ZELINOVÁ, Hana",Prístav pokoja,1944,Liptovský Sv. Mikuláš: Tranoscius,,,,,,,
"ZELINOVÁ, Hana",Zrkadlový most,1941,Bratislava: Čas,,,,,,,
"ZLATŇANSKÁ, Elena",Až ma zavoláš,1948,Bratislava: Menyhartová,,,,,,,
"ZLATŇANSKÁ, Elena",Skrížené cesty,1946,Bratislava: Menyhartová,,,,,,,
"ZGURIŠKA, Zuzka",Bičianka z doliny,1938,Praha: Družstevní práce,"2003, Bratislava: Ikar",,,,,,
"ZGURIŠKA, Zuzka",Dvanásť do tucta,1932,Turčiansky Sv. Martin: Matica slovenská,,,,,,,
"ZGURIŠKA, Zuzka",Mestečko na predaj,1953,Bratislava: Slovenský spisovateľ,,,,,,,
"ZGURIŠKA, Zuzka",Metropola pod slamou,1949,Bratislava: Práca,,,,,,,
"ZGURIŠKA, Zuzka",Obrázky z kopaníc,1929,Praha: Leopold Mazáč,,,,,,,
"ZGURIŠKA, Zuzka",Pangart,1932,Bratislava: Bratislavskí bibliofilovia,,,,,,,
"ZGURIŠKA, Zuzka",Ženích s mašinou,1935,Turčiansky Sv. Martin: Matica slovenská,,,,,,,
"Zúbek, Ľudo",Doktor Jesenius,,,,,1,txt,juls,,
"ZVÁN, Peter (HOLÉCZY, Ervín)","Ajhľa, človek!",1947,Liptovský Sv. Mikuláš: Tranoscius,,,,,,,
"ZVÁN, Peter (HOLÉCZY, Ervín)",Čachovanie,1934,Turčiansky Sv. Martin: Matica slovenská,,,,,,,
?,Podivín,1885,"Slovenské pohľady, 1885, roč. 5, č. 2, s. 166 - 178",,Digitálna knižnica UKB,3,scan,ukb,,
?,Podivín (Dokončenie.),1885,"Slovenské pohľady, 1885, roč. 5, č. 3, s. 226 - 246",,Digitálna knižnica UKB,3,scan,ukb,,
?,"JACK, VRAŽDITEL OBOROV",1921,Nakladateľstvo slovenskej ľudovej literatúry Ladislav Bleier,,,2,txt,juls,,
?,Dobrý človek,,,,,1,txt,juls,,
